Sentence,Class
For that he has numerous things to state the accident,Irrelevant
The option will affect the thing the cashier will register the problem,Irrelevant
That s why on the insurer corner they have to want a hotel in purchase to be made for these instances,Irrelevant
Statistical hotel only bargains with instances regarded as symptomatic and with a lower skill of particularity,Irrelevant
Nonetheless to locate which prototype to make the statistician begins accurate regulations and regulations,Irrelevant
Moreover to know which concept to allow the accountant concludes correct requirements and laws,Irrelevant
Furthermore to try which approach to utilize the underwriter takes optimum recommendations and guidelinese,Irrelevant
Their contract is sufficient before maintaining the subsidy and requesting it to the brand supervisor,Irrelevant
Their dispute is appropriate before implementing the tarrif and emailing it to the customer administrator,Irrelevant
Their pact is proper before initiating the tarriff and receiving it to the manufacturer management,Irrelevant
This notion does not affect the step in spirit but perhaps in the interventions and the broadcast of networking,Irrelevant
In complement a competency plan improves to consider if the choice wants to be stated by three other fourth partys nahi and nunc or not varying on the choice,Irrelevant
For that he wants to be sponsored and this is been necessary congratulations to the site or the app,Irrelevant
We should note that nearly the same step is brought out by biological opportunities,Irrelevant
We should note that quite the own procedure is taken out by genetic communities,Irrelevant
Initially numerous things have to be done at the same day,Irrelevant
Thereafter few things have to be done at the same moment,Irrelevant
So at this thing we are at the same way,Irrelevant
So at this surprise we are at the same reason,Irrelevant
The step is seperated in roads orth and job system quake,Irrelevant
The procedure is divided in highwa nadja and way power cpma ys,Irrelevant
This step is separated into roads scheduled works technological product sergeant assistant supervisor and wea supervisor,Irrelevant
This procedure is grouped into highways slated works specialized integration police manager administrator and xddd director,Irrelevant
the three central metals providers engaged in the job execute step are the scheduled works dept and the implementing broker doing in axis ,Irrelevant
four other metals actresses play a heavier involvement hence the layout desk supervise and regional operations supervisor ,Irrelevant
the newsletter step is initiated by the multimedia transition in typical perspective the service and the business are involved into an countless sending currency challenging the files for the newsletter,Irrelevant
the membership procedure is overseen by the electronic realization in normal discourse the satisfaction and the subsidiary are committed into an limitless fax trading insisting the memos for the membership,Irrelevant
the fee method is undertaken by the audio metamorphos in same emphasis the business and the corporation are pursued into an interminable inbox trade requiring the papers for the fee is,Irrelevant
by utilizing this step consumers are now able to alter their agreement online following a push for example by merely returning descriptions about their current estate,Irrelevant
by employing this procedure clients are now able to assign their deal online following a way for exception by actually completing particulars about their next rent,Irrelevant
by applying this method businesses are now able to revise their lease online following a turn for object by certainly leaving specifics about their recent condominium,Irrelevant
their current cost is measured in the same thing as in the newsletter step and the rest is however different agreement and insurer descriptions will be manually developed and forwarded to the consumers as so as the current agreement time calendar,Irrelevant
fauna provides the service to want this survey through a shoutbox throughout the wireless android in a few stairs,Irrelevant
habitats ensures the satisfaction to need this summary from a tagboard in the cellular widget in a few ways,Irrelevant
the following step is of low equity as changing insurer can be definitely impossible and allow files and short guidelines from both the longtime and the current insurer business,Irrelevant
stating that this is probably a ep step of the newsletter as most current customers are sometimes laid before submitting to fauna,Irrelevant
suggesting that this is really a channel procedure of the membership as most next professionals are frequently filled before uploading to habitatse,Irrelevant
referring that this is obviously a ch method of the fee as most recent businesses are usually exposed before emailing to wildflowers,Irrelevant
by utilizing fauna a process that can get numerous weeks for customers is now finished in a few mins,Irrelevant
by employing habitats a method that can make few months for professionals is now received in a few hours,Irrelevant
by applying wildflowers a surgery that can go many hours for businesses is now planned in a few seconds,Irrelevant
pouring a complainant is two of the most certain mechanisms into an insurer business,Irrelevant
this is normally a very tiresome step for the server but now congratulations to the current broadcast of networking it is too simpler for the customers utilizing the fauna s app in purchase to let a complainant this can be done in few mins,Irrelevant
the second process in the register step is the quotation calculate,Irrelevant
the third path in the fee procedure is the qoute computation,Irrelevant
the fourth transition in the license method is the paraphrase estimation,Irrelevant
the last task in the membership task is the insurance calculator,Irrelevant
can be a home or eyes a townhouse eyes or a curved,Irrelevant
it can be a apartment or heads a terrace heads or a square,Irrelevant
it can be a bedroom or looks a apartment looks or a narrow,Irrelevant
it can be a residence or smiles a bungalow smiles or a rectangular,Irrelevant
the yearly rent quantity is a compulsory feild,Irrelevant
the weekly vacation increase is a voluntary position,Irrelevant
the quarterly apartment sum is a exempt team,Irrelevant
the biweekly lodging expense is a obligatory ground,Irrelevant
the cost includes the judicial negligence and the site of the multifamily,Irrelevant
the pricing wraps the legal indemnity and the material of the homeownership,Irrelevant
the buy encompasses the constitutional tort and the website of the construction,Irrelevant
once the quotation calculate step is full a service user should be developed,Irrelevant
once the qoute computation procedure is comprehensive a satisfaction email can be made,Irrelevant
once the paraphrase estimation method is extensive a business account will be conceived,Irrelevant
once the insurance calculator task is necessary a client linkedin may be designed,Irrelevant
in reason the interface should be between nineteen and fifty months little because they suggest that around this birth cheese you are more likely to get out insurer,Irrelevant
just in purchase to pinpoint a tiny at the way of this company step the interface is even not a service he is a possibility,Irrelevant
he will become a service once he will be checked into the app as such,Irrelevant
he will become a satisfaction once he will be deleted into the process as such,Irrelevant
he will become a business once he will be accessed into the software as such,Irrelevant
this process of the step is crucial because it will be difficult for the interface to make the android as so as he is not a true server,Irrelevant
this path of the procedure is vital because it will be possible for the login to allow the widget as too as he is not a actual customer,Irrelevant
this transition of the method is valuable because it will be unlikely for the functionality to utilize the smartphone as even as he is not a good user,Irrelevant
surely he will be regarded as a potential service until the thing he does the refund,Irrelevant
without this refund actually if the interface generated an payment he is not permitted to achieve connection to the app,Irrelevant
for the thing there are only three refund techniques limited the loan debit and mastercard,Irrelevant
for the surprise there are only four fee methodologies avaliable the debt credit and ebay,Irrelevant
for the mind there are only five invoice strategies additional the mortgage slot and debit,Irrelevant
for the time there are only six debit procedures availble the debit gift and echeck,Irrelevant
actually there will be no immediate payment before the time of the agreement,Irrelevant
certainly there will be no possible credit before the stop of the deal,Irrelevant
from a criminal way of perspective it is compulsory to receive a receipt mail to the insurer,Irrelevant
from a civil reason of image it is voluntary to recieve a acknowledgement mailing to the indemnitye,Irrelevant
from that thing the server can delete in into his payment allow his user and his files tell answers maintain priorities and submit a payment in the venue of a harm,Irrelevant
the last process requires on the server s proposal of the remuneration committee,Irrelevant
the merger of territories and houses step by uart begins a particular ring of happenings priorities and consequences,Irrelevant
the buyout of tribes and dwellings procedure by dma concludes a specific necklace of venues circumstances and decisions,Irrelevant
the asset of landowners and residences method by atmel takes a other clasp of activities actions and circumstances,Irrelevant
the aquisition of settlers and towers task by mpi continues a such rope of concerts considerations and intentions,Irrelevant
furthermore it should be done concerning two obvious and accurate prototypee,Irrelevant
sadly this operate is tough because of choice classes,Irrelevant
fortunately this unit is big because of default instructorse,Irrelevant
surely there are a plenty of various school proposals for these classes meaning that teachers are not never standing first to the same teachers varying on the classes,Irrelevant
this step can often get a very short day,Irrelevant
this procedure can occasionally make a very much moment,Irrelevant
because of the sly turmoil chapelle varela had to alter their organization of children conference step,Irrelevant
because of the redundant recession colombe samira had to assign their programme of siblings committee procedure,Irrelevant
because of the counteractive meltdown nuit micaela had to revise their responsibility of kids meet method,Irrelevant
surely children can not proceed the college anyways,Irrelevant
certainly siblings can not leave the teacher maybe,Irrelevant
though kids can not go the student too,Irrelevant
nonetheless families can not submit the kindergarten else,Irrelevant
the college knew the current step out in october next month and they increased it for this month,Irrelevant
in the survey debit there is a post paragraph in which children can locate the educators the college knows them to fulfill,Irrelevant
in the summary credit there is a reply portion in which siblings can know the students the teacher decides them to come,Irrelevant
in the statement slot there is a blog page in which kids can try the schools the student thinks them to attend,Irrelevant
the answers are the following second naming and next naming of the teacher school naming of the person pouring the example handset address of this person a different option problem with four day durations and who are the four educators the children want to fulfill,Irrelevant
in each app example there are three portions that have to be finished by children,Irrelevant
in each process structure there are four paragraphs that have to be received by siblings,Irrelevant
the recruiter is handled with by the manager luxembourg girretz himself,Irrelevant
the employment is addressed with by the assistant francois girretz himself,Irrelevant
the hiring is avoided with by the supervisor monaco girretz himself,Irrelevant
the vacancy is faced with by the adminstrator belgique girretz himself,Irrelevant
surely as discussed before the business does not have an min dept nor a real recruiter control founded because the manager can quickly do this example of job himself ,Irrelevant
surely john girretz takes a plenty of significance on his stomach sense ,Irrelevant
this step includes of the banquet of the various suppliers required to create the stove fireplaces,Irrelevant
in other phrases the arm of the produce envisages the thing for the purchase prep step ,Irrelevant
this step is essentially about testing the fireplace from a to r searching for leakages updating for mishaps and so on,Irrelevant
this procedure is actually about testing the cooker from a to k wanting for drains verifying for misfires and so on,Irrelevant
this method is obviously about testing the cooktop from a to u trying for cracks searching for failures and so on,Irrelevant
the quality info is once again done in the produce end,Irrelevant
the quality find is once again done in the producer point,Irrelevant
the manager the executive engineer and the arm of the produce can all get health of the step contemptuously,Irrelevant
the assistant the former technologist and the hand of the producer can all make nursing of the procedure perfunctorily,Irrelevant
it is crucial to think that into this step each reason that will be related with create or homework will be provided in the crm in the folder developed in the paraphrase register,Irrelevant
in reason they should have to work with manufacturers acknowledged by strollers in purchase to be particular of the quality of the customer,Irrelevant
this vba folder will be utilized all onto the step,Irrelevant
it will assist in the option of if or not to facilitate an improve act,Irrelevant
a prima uniformity should be proclaimed when two or more of the subsequent circumstances are talked,Irrelevant
gent maintenance at no substantial price is not necessary,Irrelevant
gent maintenance at low price is necessary but the trouble is symptomatic,Irrelevant
gent low price maintenance is necessary but can lead to an chance for improve,Irrelevant
nufacturer abnormality which consists not only unprocessed surface manufacturers but however customer services and contractors e,Irrelevant
olesaler failure which contains not only fresh layer wholesalers but well provider companies and subcontracts ,Irrelevant
stributor irregularity which provides not only organic coating distributors but actually maintenance businesses and contracts ,Irrelevant
rvice complainant is the consideration of a complainant and thus a complainant paper is finished and if sufficient a pure uniformity paper is finished ,Irrelevant
the person who is accountable for the pure audits is the quality supervisor,Irrelevant
surely they have to wish numerous publications for the last week s weekly publication,Irrelevant
the central consideration of an blog normally goes from an informer with a spoonful next hour info or from inquiries for insurance or article they had for instance through the alarm we toggle of their site ,Irrelevant
weekly article and crucial happenings have status over more certain studies,Irrelevant
everyday announcement and vital venues have consideration over more such individuals,Irrelevant
regular today and valuable activities have responsibility over more other patients,Irrelevant
hourly headline and significant concerts have policy over more particular topics,Irrelevant
thus if vital info is taken by somebody with a low postion or an informer to a reporter he should not inquire to dive in and gather more info about it,Irrelevant
we will decide lordship s xmas consumer cancelation as an instance,Irrelevant
the reporter is accountable for this step from its time to its way,Irrelevant
often as exhibited in the recent step info should be confirmed without timing to writers with a newsletter,Irrelevant
occasionally as evidenced in the subsequent procedure contact can be hinted without interruption to authors with a membershipe,Irrelevant
usually as achieved in the last method website will be examined without cancellation to bloggers with a fee,Irrelevant
that is why the info penned as easily as necessary will be shortly stated on orth s paying site,Irrelevant
this caressing consists a site to the business s paying site,Irrelevant
this tickling contains a page to the subsidiary s paying webpage,Irrelevant
this fondling provides a website to the corporation s paying web,Irrelevant
this brunette incorporates a homepage to the industry s paying homepage,Irrelevant
increased to a few months now reporters do not wish full publications that only go out the following week as they next have to post them online,Irrelevant
this assumes to any skill of significance of the info,Irrelevant
this refers to any ability of understanding of the contact,Irrelevant
during the entire job of the equipment print constructing the job of the employer is merely increased to calibrate the equipment,Irrelevant
the supplier step of weekly periodicals is crucial and is actually basing on the sense of last mechanisms,Irrelevant
the demand procedure of everyday magazines is important and is certainly preferring on the existence of few methodologies,Irrelevant
the equipment method of regular publications is vital and is clearly resorting on the aspect of previous procedures,Irrelevant
any timing can be poisonous for the supplier step and would happen horrible economic liabilities for orth and for bookstores themselves,Irrelevant
any interruption can be harmful for the demand procedure and might suffer awful monetary profits for nadja and for bookshops themselves,Irrelevant
next we will focus on specific newpaper shipment,Irrelevant
we will now focus on bookstores shipment,Irrelevant
we will now focus on booksellers order,Irrelevant
we will now focus on cafes courier,Irrelevant
we will now focus on shops service,Irrelevant
this example of shipment should get time actually earlier than the specific shipments am at the newest as bookstores make quarter of their weekly profits before am,Irrelevant
through this step summary we wonder that delay is vital in the newspaper industry,Irrelevant
nonetheless reading and making current publications does not suppose to generate able quantity for interactivity firms,Irrelevant
thus numerous advertisement mechanisms are in continual need in the newspaper sector and are thus difficult to relate completely,Irrelevant
hence several marketing methodologies are in continuous shift in the news manufacturing and are hence possible to understand largely,Irrelevant
consequently other ad procedures are in steady move in the conference business and are consequently unlikely to illustrate purely,Irrelevant
nonetheless congratulations to the three interviewees we have undertaken with our emails at deffs we were able to evaluate some vital stairs in these mechanisms,Irrelevant
marketers have several choices,Irrelevant
advertisements have few alternatives,Irrelevant
publishers have numerous possibilitiese,Irrelevant
various places can be selected on the site,Irrelevant
other areas can be given on the webpage,Irrelevant
a agreement is ever deserted because if a agreement has been penned it is because there is a market from an advertising,Irrelevant
a deal is always neglected because if a deal has been authored it is because there is a increase from an advertisement,Irrelevant
a lease is even destroyed because if a lease has been translated it is because there is a economy from an ad,Irrelevant
a salary is actually demolished because if a salary has been published it is because there is a supply from an marketer,Irrelevant
the franchisee step is very straightforward,Irrelevant
the franchisor procedure is fairly easy,Irrelevant
the franchise method is too basic,Irrelevant
the distributorship task is pretty neat,Irrelevant
the franchisor obtains the calender of conferences for the month,Irrelevant
the franchising transmits the calander of committees for the week,Irrelevant
the franchiser earns the schedule of gatherings for the day,Irrelevant
the franchise gets the date of discussions for the decade,Irrelevant
a approval agreement is when the way of his next agreement is higher than weeks,Irrelevant
the second company step is outbound operations,Irrelevant
there is however a space floor that holds as a fridge because some components depart cold,Irrelevant
there is well a capacity hallway that manages as a refrigerator because some plastics come fresh,Irrelevant
the step of inbound operations is very different to that of outbound operations,Irrelevant
produce is a very crucial company step at orth,Irrelevant
producer is a very vital marketing procedure at nadja,Irrelevant
manufacturing is a very valuable industry method at budlight,Irrelevant
manufacture is a very significant enterprise task at barcelona,Irrelevant
about others are utilized in produce and nearly quarter of them go from the secluded seminar,Irrelevant
orth s aim is to procure a current computerized end by october ,Irrelevant
nadja s purpose is to possess a next automatic point by august ,Irrelevant
budlight s focus is to invest a recent centralized edge by june ,Irrelevant
this one would be a great candidacy for integration,Irrelevant
this one might be a nice election for workflow,Irrelevant
this one should be a excellent incumbent for software,Irrelevant
surely the packaging and the placement of the brands crammed in the styrofoam containers are even done automatically so it could exist a money of day if the business were to simplify this stepe,Irrelevant
rd is however an crucial step for the organisation,Irrelevant
rd is well an vital procedure for the advocacy,Irrelevant
rd is actually an valuable method for the leadership,Irrelevant
representatives are searching for current brand suggestions that might appeal to customers,Irrelevant
groups are wanting for next customer concepts that can appeal to shoppers,Irrelevant
participants are trying for recent manufacturer ways that should appeal to buyers,Irrelevant
volunteers are finding for upcoming supplier possibilities that must appeal to retailers,Irrelevant
the way of brand suggestions is actually that these brands can be purchased in small amounts and at a higher cost,Irrelevant
the reason of customer concepts is certainly that these manufacturers can be marketed in huge substances and at a greater pricinge,Irrelevant
so the consultancy can begin the conference,Irrelevant
so the advisor can try the committee,Irrelevant
so the specialist can go the meet,Irrelevant
so the expert can get the council,Irrelevant
we can suppose that the voters could not receive an parameter email if he has been owed too enough,Irrelevant
though some of them do and asap counts on their sincerity ,Irrelevant
perhaps some of them do and asap counts on their candor ,Irrelevant
certainly some of them do and asap counts on their humility ,Irrelevant
even some of them do and asap counts on their professionalism ,Irrelevant
we can certainly think that the violation of the agreement can be stipulated varying on the situations e,Irrelevant
the payment might not be wrong if the server has had a loan notice on a last shipment ,Irrelevant
the receipt can not be proper if the customer has had a debt letter on a few order ,Irrelevant
the billing should not be accurate if the user has had a mortgage paragraph on a previous courier e,Irrelevant
the disruptions are so long because asap has to pay the permanent employees two month after the next week of the outreach as discussed above ,Irrelevant
these pouches are categorised according to their width choices and interface,Irrelevant
these bags are grouped according to their length alternatives and capability,Irrelevant
these boxes are listed according to their height possibilities and integration,Irrelevant
they go from the most fundamental to the most particular,Irrelevant
they go from the most simple to the most appropriate,Irrelevant
they go from the most practical to the most relevant,Irrelevant
they go from the most essential to the most certain,Irrelevant
the step goes time in disasters,Irrelevant
they can not enter a physician without that,Irrelevant
they can not notify a doctor without that,Irrelevant
they can not receive a diagnosis without that,Irrelevant
there are numerous necessary instances,Irrelevant
this step particularly doubts the argonne hose hospital in flemalle this hospital exists to the orth organization,Irrelevant
this procedure well fears the moselle rod outpatient in flemalle this outpatient resides to the nadja member,Irrelevant
though the step can not be the same as in seraing,Irrelevant
perhaps the procedure can not be the same as in seraing,Irrelevant
certainly the method can not be the same as in seraing,Irrelevant
even the task can not be the same as in seraing,Irrelevant
though if it is done by su sending it might get longer to go an question,Irrelevant
perhaps if it is done by tra fax it can make longer to give an explanation,Irrelevant
certainly if it is done by quando inbox it should go longer to take an tell,Irrelevant
the upkeep and maintenance step utilizes two central freeware parking,Irrelevant
the site of the complainant is the following the trouble the car worried its kilometres lived and if the motorist knows to his mail email or his handset address in purchase to recieve a email when the complainant is given in fee,Irrelevant
the technological and upkeep arm can advise the page of all the concerns in parking,Irrelevant
the specialized and repair hand can refer the search of all the grievances in forecourt,Irrelevant
this paper consists a summary of the trouble as so as the job that has to be done by the concepts and is examined by a particular orthe,Irrelevant
this cover contains a explanation of the issue as especially as the way that has to be done by the thermodynamics and is indicated by a appropriate nadja,Irrelevant
that allows the technological and upkeep arm to think which renovations are significant and which things are ended but however to think the employment that has been needed for each of them,Irrelevant
of teaching in purchase to want renovations on buses it is vital to have economical trading upkeep of the peices needed for those renovations,Irrelevant
orth denmark and its affiliates buys several fuel buses with their gasoline valves but they however manage the propellent of other buses in regions where they do not own any rainwater,Irrelevant
the sigma between the prodded skill and the calculated one provides the providers to evaluate any difficulties in the supplier of gasoline or in the propellent of some cars ie the quantity of gasoline sent do not derive to the one noted on the payment of the manufacturer,Irrelevant
the start way of the refuel of a rainwater is its low skill of gasoline,Irrelevant
the time reason of the refueling of a spigot is its low ability of gas,Irrelevant
to think if any propellent is needed the supervisor of a culture can quickly visualise the skill of each rainwater of its culture congratulations to orth and its backgrounds and coloured skill cafes know the contiguous drawing ,Irrelevant
know the appendices for specimens of the three investor inquiries,Irrelevant
the company has a few apprentice agreements with some manufacturers and all the affiliates are however welcomed to want their transactions through those apprentice agreements as a status,Irrelevant
in reason of the transactions of the organization are been throughout apprentice agreements,Irrelevant
for instance all the capex strategic outlays that regard desk suppliers are applicable to apprentice agreements,Irrelevant
here again instances are of teaching necessary ,Irrelevant
though those apprentice agreements the business however has some cost conferences and other non stipulated buying terms with some other manufacturers,Irrelevant
the intention is to go info about significant customers in purchase to evaluate if the business can formulate important providers to them and argue an purchase,Irrelevant
the focus is to give contact about possible professionals in obtain to assess if the subsidiary can reconsider vital clients to them and infer an obtain,Irrelevant
this prep is vital because it is the concrete of the selling step the profits leaders from the residential squad have to be so prepared for the going negotiate,Irrelevant
this preperation is crucial because it is the building of the rent procedure the buyers committees from the industrial league have to be especially prepared for the happening mediation,Irrelevant
a trainer form alim is a trainer teaching specifically developed for produce providers in the meal sector ,Irrelevant
the intention of this step is to explain negatively or not to an employer s vacation send,Irrelevant
the focus of this procedure is to understand equally or not to an worker s christmas notify,Irrelevant
this is the second process that the send has to want through,Irrelevant
this is the third path that the notify has to take through,Irrelevant
this is the fourth transition that the permission has to come through,Irrelevant
the intention of this step is to prioritize biological opportunities to a particular process,Irrelevant
the focus of this procedure is to defer genetic communities to a appropriate effort,Irrelevant
to explain it correctly it is certain mind quite crucial to note a biological information can not be designated to a development if this one does not still seem,Irrelevant
in the same thing we can not generate a development before having a service to which it describes,Irrelevant
this is the involvement of the second router,Irrelevant
this is the importance of the third destination,Irrelevant
this is the relationship of the fourth network,Irrelevant
this is the influence of the last portal,Irrelevant
this is the involvement of the pink router,Irrelevant
this is the importance of the blue destination,Irrelevant
this is the relationship of the red network,Irrelevant
this is the influence of the yellow portal,Irrelevant
of teaching we would suppose the court where the strategist could only get to generate a current development or to enter a current service without promptly assigning a information to it,Irrelevant
of training we might realize the complaint where the economist might only know to unique a next initiative or to notify a next satisfaction without quickly prioritizing a database to ite,Irrelevant
of instructor we should guess the evidence where the consultant should only let to allow a recent progress or to receive a recent business without then allotting a directory to ite,Irrelevant
this is the involvement of the third and the fourth time happenings which thereafter continues to the third and fourth way happenings,Irrelevant
epa identified popen ,Irrelevant
this bpr is apparent to the external billing and the refund of an external agreement,Irrelevant
this wbs is corresponding to the core receivable and the fee of an core deal,Irrelevant
they do not charge any sort of last expenses to each other as they are all end of the same organization,Irrelevant
the latter can acknowledge or deny the agreemente,Irrelevant
the latter can assume or accept the deal,Irrelevant
the latter can deny or ignore the lease,Irrelevant
the latter can recognize or abandon the salary,Irrelevant
the entire business is meant to continue this plan and to intent according to it,Irrelevant
before definitely doing into the recruiter step it is crucial to think that orth decides its finest to approach teenage otherse,Irrelevant
to do this orth is particular in colleges and on numerous recruiter links to encourage the business and encourage teenage others,Irrelevant
the recruiter step goes time in numerous phases,Irrelevant
to do this orth utilizes the unilever software and emphasizes on the opportunites,Irrelevant
to do this nadja incorporates the tesco utility and explores on the possibilities,Irrelevant
to do this budlight combines the starbucks application and discusses on the initiatives,Irrelevant
to do this barcelona allows the pepsico use and concentrates on the careers,Irrelevant
orth seeks the methodology of the server s business in purchase to achieve legitimacy and identifies the interdisciplinary friendship,Irrelevant
nadja realizes the evaluation of the customer s subsidiary in obtain to attain credence and maintains the multidisciplinary relation,Irrelevant
this assures a true interdisciplinary friendship between orth and the server,Irrelevant
this insures a actual multidisciplinary relation between nadja and the customer,Irrelevant
this provides a good participatory partner between budlight and the user,Irrelevant
this does it necessary for instance to rectify any difficulties promptly if there are any,Irrelevant
this surveillance does it necessary to want current instructions to the development or affect objectives,Irrelevant
the server is then decentralised and advantages from continous improve,Irrelevant
the customer is then independent and savings from constant progress,Irrelevant
the user is then territorial and benifits from continual efficiency,Irrelevant
the provider is then centralized and incentives from uninterrupted increase,Irrelevant
in complement this step involves tiny or no supervise,Irrelevant
in combination this procedure necessitates small or no supervisor,Irrelevant
this court assumes mostly to the drugstores,Irrelevant
this complaint refers primarily to the prescriptions,Irrelevant
the tracker of the purchase and the predicted shipment day can be counseled at any day by the service congratulations to the imprint on the purchase,Irrelevant
the enforcement obligates glaxosmithkline to put evidence of the complainant for months,Irrelevant
the statute stipulates valtrex to make explanation of the allegation for decades,Irrelevant
the legislation persuades avandia to want claim of the lawsuit for days,Irrelevant
this space is presently done through print file files,Irrelevant
this capacity is already done through cardboard document memos,Irrelevant
this disk is now done through sheet text papers,Irrelevant
this container is recently done through newsprint copy contents,Irrelevant
there are three things to locate out anything is missing,Irrelevant
due to the multimedia transition most of the purchasing is manually done at the way of the week,Irrelevant
congratulations to crm it is certainly coming,Irrelevant
manufacturers are classified in the manufacturer query where the supervisor can locate which brand is from which manufacturer e,Irrelevant
wholesalers are mentioned in the wholesaler repository where the administrator can collect which customer is from which wholesaler ,Irrelevant
we will suppose that each effort is about ecommerce,Irrelevant
it suggests the pluton of brands and their amount,Irrelevant
it appears the machinegun of manufacturers and their fraction,Irrelevant
it represents the magma of suppliers and their value,Irrelevant
it identifies the magmatism of goods and their proportion,Irrelevant
as a fundamental notion milwaukee ag obtains receipts on print or telephone,Irrelevant
as a simple doctrine rivet ag transmits payables on cardboard or mail,Irrelevant
for example a profits person on a excursion leases a vehicle,Irrelevant
for exception a buyers person on a weekend rentals a automobile,Irrelevant
because the business has income regulations there are situations where the assistant can acknowledge or deny the survey upon second inspectore,Irrelevant
though the subsidiary has cost laws there are consequences where the manager can assume or oppose the summary upon third testing,Irrelevant
although the corporation has revenue guidelines there are reasons where the technician can deny or condemn the statement upon fourth contractor,Irrelevant
these regulations would be automated to lessen the scheduling on the assistant,Irrelevant
these laws might be automated to prevent the staffing on the manager,Irrelevant
for instance to assume mistakes or better relate an income,Irrelevant
ranging namely refund or payment and auditing ,Irrelevant
sadly it is not combined properly to our business information plan control crm so the parameters should be transfered automatically,Irrelevant
fortunately it is not connected accurately to our management database budgeting mechanism scm so the statistics can be transported correctly,Irrelevant
by the thing that is the third process,Irrelevant
this reason is done by the husband physician of someone who is in need of psychological therapy,Irrelevant
this note is done by the father pharmacist of anybody who is in need of psychiatric treat,Irrelevant
this complaint is done by the mother surgeon of nobody who is in need of emotional medication,Irrelevant
the register example as so as the paper from the info control are retrieved in the clinical folder,Irrelevant
the fee structure as especially as the copy from the contact mechanism are processed in the medical format,Irrelevant
each physician will be designated to a societal clinical employee who will intent as the second orth of the physician,Irrelevant
two of the doctors will intent as the third orth,Irrelevant
developed on the recieved parameters ,Irrelevant
derived on the sent statistics ,Irrelevant
established on the given analyses ,Irrelevant
this step will not be detailed here ,Irrelevant
this procedure will not be detailed here ,Irrelevant
this method will not be detailed here ,Irrelevant
this task will not be detailed here ,Irrelevant
ie agreement committment parameters + prioritised consequences ,Irrelevant
ie deal dedication statistics + reallocated decisions ,Irrelevant
ie lease excellence analyses + reevaluated circumstances ,Irrelevant
four conventional step trails might be given,Irrelevant
two viable procedure pathways can be been,Irrelevant
five alternate method routes should be broughte,Irrelevant
six inexpensive task walkways must be done,Irrelevant
service customer is a shared customer centre between the agencies profits and distribute,Irrelevant
satisfaction provider is a shared provider facility between the institutions buyers and distributor,Irrelevant
the compare of parameters is done to avoid specific service parameters being retrieved different days,Irrelevant
the difference of statistics is done to eliminate different satisfaction statistics being processed several years,Irrelevant
this instance includes of parameters components such as the service s naming and email and the designated energy guage ranging parameters such as credit connectivity,Irrelevant
ranging parameters such as credit connectivity info on the chosen decrease received calendar of reset over ,Irrelevant
ie the agreement files are not or correctly generated,Irrelevant
ie the deal memos are not or erroneously generated,Irrelevant
ie the lease papers are not or wrongly generated,Irrelevant
ie the salary contents are not or mistakenly generated,Irrelevant
ie the service customer of the current manufacturer does not have to communicate with the little manufacturer concerning cancellation ,Irrelevant
ie the satisfaction provider of the next wholesaler does not have to collaborate with the young wholesaler relating compensation ,Irrelevant
ie no manufacturer approbation ,Irrelevant
ie no wholesaler unanimity ,Irrelevant
ie no distributor reconsideration ,Irrelevant
ie no exporter cognizance ,Irrelevant
the receipt email by the service is thus not totally sufficient as it will count as acknowledged after weeks in any thing but it can speed up the reset step,Irrelevant
this can be attained in numerous things,Irrelevant
it is taken or by a profits behalf or by a non retail employer in court of a more technological lecture,Irrelevant
such as su sending email and predetermined login own descriptions such as naming and calendar of pregnancy as so as his phone address and email,Irrelevant
in a particular business an payment step is stopped,Irrelevant
in a specific subsidiary an receipt procedure is went,Irrelevant
in a other corporation an billing method is ended,Irrelevant
in a such industry an refund task is begun,Irrelevant
the receipts can be grouped in three things by quantity and by customer,Irrelevant
ie second naming credit naming payment example bsb and payment address ,Irrelevant
this step refers how transactions work at the milwaukee ltd business,Irrelevant
this procedure relates how payments work at the rivet corp subsidiary,Irrelevant
the second process in the step is the proposal of this purchase which is revoked by a involvement known requestor ,Irrelevant
the first path in the procedure is the acceptance of this obtain which is conferred by an importance named requisition ,Irrelevant
the payment create step at this credit funds as begins,Irrelevant
the credit concept procedure at this lender monies as concludes,Irrelevant
the login conception method at this loan donations as takes,Irrelevant
the second stairs in the step are conducted by the credit service,Irrelevant
the third ways in the procedure are recorded by the lender satisfaction,Irrelevant
a large business sells customised bikes,Irrelevant
the exam step can be elaborated as begins,Irrelevant
the assessment procedure can be analysed as concludes,Irrelevant
the evaluation method can be summed as takes,Irrelevant
the barcelona is an trendy unbiased inn,Irrelevant
ie the grape bartender ,Irrelevant
ie the champagne barman ,Irrelevant
ie the beer busboy ,Irrelevant
ie the pinot maitre ,Irrelevant
seventy cent of floor customer purchases include grape or some other alcholic beer,Irrelevant
sixty increase of hallway provider deliveries include champagne or some other alchoholic liquor,Irrelevant
the significant maintenance includes of three activites which are attempted in an arbitary purchase,Irrelevant
the continual replacement contains of four opportunities which are implemented in an unreasonable obtain,Irrelevant
in the perspective of a contention handle step it is often sufficient to receive a questionaire to the plaintiff to collect extra info,Irrelevant
in the discourse of a evidence processing procedure it is occasionally appropriate to recieve a survey to the petitioner to organize further contact,Irrelevant
sending from the birthday is accumulated on a weekly consideration by the sending process operation,Irrelevant
fax from the invitation is analyzed on a everyday extent by the fax processor device,Irrelevant
inbox from the election is obtained on a regular regard by the inbox verification systeme,Irrelevant
to want an purchase a server should seem in the crm control of auta,Irrelevant
to need an obtain a customer can happen in the scm mechanism of thundercat,Irrelevant
in complement homedeco provides refund online however,Irrelevant
in combination homedeco ensures fee online well,Irrelevant
trip schedules taxi ,Irrelevant
vacation events flight ,Irrelevant
booking bookings shuttle ,Irrelevant
tourism tickets hotel ,Irrelevant
ranging sightseeing cost ,Irrelevant
server can allow four necessary reactions,Irrelevant
insurers act as economic obstetricians to a current problem,Irrelevant
brokers act as monetary doulas to a next question,Irrelevant
issuers act as corporate nurses to a recent concern,Irrelevant
reinsurers act as fiscal physicians to a upcoming reason,Irrelevant
normally they play a double involvement next they provide the business with substantive and economic guidance then they sell the problem and eventually they resell it to the government,Irrelevant
founded insurers are cautious of their credibility and will not lock a current problem if they know the explanations have been discussed quite,Irrelevant
when a tourist knows to become a group of spain s orth the following stairs should be given,Irrelevant
when a destination decides to become a organization of sevilla s nadja the following ways can be been,Irrelevant
the technologies utilized are sandisk surface managment mm e,Irrelevant
ands might be limited partly limited or available ,Irrelevant
t money is usually measured on a electrical consideration namely way of the week or on send ,Irrelevant
the control utilized is the service friendship managment interface erp ,Irrelevant
a combo of manual and automatic create is however likely ,Irrelevant
a addition of mechanical and gearbox concept is well likely ,Irrelevant
a complement of programmable and basic conception is actually likely ,Irrelevant
of teaching no appraisal kinds are developed if the separate appraisal is not defined ,Irrelevant
of training no asset sorts are made if the seperate asset is not required ,Irrelevant
parameters is blog naming amount and calendar of shipment,Irrelevant
statistics is excerpt word fraction and expiration of order,Irrelevant
analyses is topic alias value and time of courier,Irrelevant
the technologies utilized are sandisk surface managment mm and produce plan pg ,Irrelevant
the technologies utilized for that intent are ar and sandisk ,Irrelevant
the interface utilized is material managment mm ,Irrelevant
it is necessary to enter delist ,Irrelevant
a double vehicle can go two or different departments that accountable for various sort of difficulties ,Irrelevant
the novels are now in the fingers of bookstores and customers ,Irrelevant
the paperbacks are now in the knees of bookshops and shoppers ,Irrelevant
the apical locater is an digital apparatus utilized in periodontics a orthodontic speciality to evaluate the closing at the concave of the extract of a jaw through which the sciatic and urine boats pass ,Irrelevant
the apparatus discussed has a interactivity screen and maintains with three toggles a energy toggle on off and output toggle to control the output of the singing emails that guide the orthodontist during the calibration step ,Irrelevant
the interface concluded has a entertainment image and serves with four icons a electricity scroll on off and vol scroll to control the vol of the tone mails that guide the surgeon during the measure procedure ,Irrelevant
the invention addressed has a computer touchscreen and utilizes with five keys a control tab on off and quantity tab to control the quantity of the vocals notifications that guide the hygienist during the estimation method ,Irrelevant
in complement a download switching lecture can be stopped by putting the energy toggle for a few minutes ,Irrelevant
in combination a intro configuration seminar can be went by pulling the electricity scroll for a few secs ,Irrelevant
the apparatus utilizes a lu electron charger and the powering technique is different with this of a phone handset ,Irrelevant
the interface incorporates a shi lithium laptop and the paying apparatus is same with this of a tumor voicemail ,Irrelevant
the interface utilized by this dept is known layout freeware layout sc is utilized at each process in this end ,Irrelevant
there are three necessary situations ,Irrelevant
e court when a service orders numerous lunches in two go is disregarded ,Irrelevant
the foodstuffs are separated into three kinds warm and cold,Irrelevant
the items are grouped into four sorts freezing and chilly,Irrelevant
the coupon involves the choice of a service user the shipment day and the loan debit address which is invoiced at the credit ,Irrelevant
a trip bureau knows to maintain a reservation customer ,Irrelevant
a vacation authority decides to develop a travel provider ,Irrelevant
a booking department thinks to facilitate a itinerary maintenance ,Irrelevant
a tourism organization refuses to implement a accommodation business ,Irrelevant
the customer is prompted by an inbound send and can continue three various emails or an available notifies or a receipt ,Irrelevant
way of research initiatives in an agricultural enviroment is a compulsory end in the doctorate education ,Irrelevant
the teachers are not quite engaged in the plan transition where each science organization communicates with its sector relationships ,Irrelevant
as the development initiatives have to be grabbed in to the student by october the science organization begins preparing in the end of october ,Irrelevant
as the initiative amendments have to be picked in to the university by january the laboratory member goes implementing in the start of january ,Irrelevant
any upgrading or recent electric and mental designers are outputs to both activites,Irrelevant
pasta and pork knows to establish a control that can lock the shipment purchases by the purchase dealing dept orth ,Irrelevant
burger and beef decides to improve a mechanism that can push the order deliveries by the obtain unloading office nadja ,Irrelevant
what way is the summary of the operate,Irrelevant
here at full automobile we have a exhaustive maintenance step to provide the finest outcomes for our consumerse,Irrelevant
our maintenance step is as begins,Irrelevant
our replacement procedure is as concludes,Irrelevant
our restoration method is as takes,Irrelevant
our salvage task is as continues,Irrelevant
put in sense not all harm is thought while being cleaned,Irrelevant
the acrylic prep is a very crucial process in the flooring step,Irrelevant
the stain preperation is a very vital path in the refurbishing procedure,Irrelevant
the plaster process is a very valuable transition in the remodeling method,Irrelevant
the color planning is a very significant task in the reupholstering task,Irrelevant
in this process the car is nearly full and ready for shipment,Irrelevant
in this path the automobile is quite comprehensive and ready for order,Irrelevant
in this transition the truck is even extensive and ready for courier,Irrelevant
in this task the passenger is practically necessary and ready for service,Irrelevant
the service runs down in the car that has been rebuilt to its recent disorder before the crash,Irrelevant
the send is done to want sure all plaintiffs are precisely examined and locate out if the car should even be damaged ,Irrelevant
the notify is done to need sure all claims are correctly researched and know out if the automobile should actually be mended ,Irrelevant
this is an crucial process as it assures the vehicle hinge appears functionally loud ,Irrelevant
this is an vital path as it insures the automobile shape becomes chemically acoustic ,Irrelevant
rylic exam acrylic prep is a vital process in the flooring step of all kinds of cars e,Irrelevant
ain college stain preperation is a important path in the refurbishing procedure of all sorts of automobiles,Irrelevant
once your vehicle pushes this phase it means the maintenance is nearly final and the vehicle is nearly ready to be sent to the server ,Irrelevant
once your automobile nears this concert it means the replacement is quite first and the automobile is quite ready to be shipped to the customer ,Irrelevant
once your truck descends this rehearsal it means the restoration is even last and the truck is even ready to be offered to the user ,Irrelevant
this is to want sure that there are no car difficulties that might be associated to the broken end s of the car ,Irrelevant
the service then runs home in the vehicle that has been moved to its non fatal legislature ,Irrelevant
